<?xml version="1.0" encoding="UTF-8"?><record_update table="ml_advanced_solution_settings">
    <ml_advanced_solution_settings action="INSERT_OR_UPDATE">
        <ml_capability_definition display_value="ml_x_cross_x_cross_bugtester_global_ml_x_cross_x_c">c3d700411bca24109d4698e8bc4bcb46</ml_capability_definition>
        <solution_parameters display_value="Minimum neighbors required for a point to be part of a cluster">32ddecd053733300d1dcddeeff7b12c2</solution_parameters>
        <sys_class_name>ml_advanced_solution_settings</sys_class_name>
        <sys_created_by>chiarng.lin@servicenow.com</sys_created_by>
        <sys_created_on>2021-01-29 16:34:36</sys_created_on>
        <sys_id>4fd700411bca24109d4698e8bc4bcbb9</sys_id>
        <sys_mod_count>1</sys_mod_count>
        <sys_name/>
        <sys_package display_value="Pineapple Cake Order Management" source="4807de561bb0ac10fe0165f8bc4bcb1d">4807de561bb0ac10fe0165f8bc4bcb1d</sys_package>
        <sys_policy/>
        <sys_scope display_value="Pineapple Cake Order Management">4807de561bb0ac10fe0165f8bc4bcb1d</sys_scope>
        <sys_update_name>ml_advanced_solution_settings_4fd700411bca24109d4698e8bc4bcbb9</sys_update_name>
        <sys_updated_by>chiarng.lin@servicenow.com</sys_updated_by>
        <sys_updated_on>2021-01-29 16:34:36</sys_updated_on>
        <user_inputs>1</user_inputs>
    </ml_advanced_solution_settings>
</record_update>
