<?xml version="1.0" encoding="UTF-8"?><record_update sys_domain="global" table="ml_capability_definition_clustering">
    <ml_capability_definition_clustering action="INSERT_OR_UPDATE">
        <active>true</active>
        <cal_purity>true</cal_purity>
        <capability display_value="Clustering">366d333453c73300d1dcddeeff7b12fc</capability>
        <cluster_concept_fields/>
        <cluster_concept_type/>
        <create_ci_table>false</create_ci_table>
        <current_solution_version>1</current_solution_version>
        <dataset_language>en</dataset_language>
        <fields>cluster_parameters</fields>
        <filter table="v_cmdb_running_process">sys_created_on&gt;2018-05-17 00:53:25^sys_created_on&lt;=2019-07-16 19:49:41</filter>
        <group_unclustered_rec>false</group_unclustered_rec>
        <min_records>2</min_records>
        <purity_fields/>
        <request_source>api</request_source>
        <segmentation_field>cluster_name</segmentation_field>
        <solution_label>ml_x_cross_x_cross_bugtester_global_ml_x_cross_x_c</solution_label>
        <solution_name>ml_x_cross_global_global_ml_x_cross_x_cross_bugtester_global_ml_x_cross_x_c</solution_name>
        <solution_parameters/>
        <solution_properties>{"advancedParams":{"LD":"","Minimum Neighbors":1,"Epsilon":0.25,"DBSCAN":""},"datasetProperties":{"tableName":"v_cmdb_running_process","fieldNames":["cluster_name","cluster_parameters"],"encodedQuery":"sys_created_on\u003e2018-05-17 00:53:25^sys_created_on\u003c\u003d2019-07-16 19:49:41"},"groupByFieldName":"cluster_name","inputFieldNames":["cluster_parameters"],"label":"ml_x_cross_x_cross_bugtester_global_ml_x_cross_x_c","processingLanguage":"en","stopwords":["Default English Stopwords"],"trainingFrequency":"run_once","updateFrequency":"do_not_update"}</solution_properties>
        <stopwords>a6282a25533333008c5bddeeff7b12c3</stopwords>
        <sys_class_name>ml_capability_definition_clustering</sys_class_name>
        <sys_created_by>chiarng.lin@servicenow.com</sys_created_by>
        <sys_created_on>2021-01-29 16:34:36</sys_created_on>
        <sys_domain>global</sys_domain>
        <sys_domain_path>/</sys_domain_path>
        <sys_id>c3d700411bca24109d4698e8bc4bcb46</sys_id>
        <sys_mod_count>0</sys_mod_count>
        <sys_name>ml_x_cross_x_cross_bugtester_global_ml_x_cross_x_c</sys_name>
        <sys_package display_value="Pineapple Cake Order Management" source="4807de561bb0ac10fe0165f8bc4bcb1d">4807de561bb0ac10fe0165f8bc4bcb1d</sys_package>
        <sys_policy/>
        <sys_scope display_value="Pineapple Cake Order Management">4807de561bb0ac10fe0165f8bc4bcb1d</sys_scope>
        <sys_update_name>ml_capability_definition_clustering_c3d700411bca24109d4698e8bc4bcb46</sys_update_name>
        <sys_updated_by>chiarng.lin@servicenow.com</sys_updated_by>
        <sys_updated_on>2021-01-29 16:34:36</sys_updated_on>
        <table>v_cmdb_running_process</table>
        <training_frequency>run_once</training_frequency>
        <update_frequency>do_not_update</update_frequency>
        <use_segmentation>true</use_segmentation>
        <word_vector_corpus/>
    </ml_capability_definition_clustering>
</record_update>
