<?xml version="1.0" encoding="UTF-8"?><record_update table="ml_training_request_schedule">
    <ml_training_request_schedule action="INSERT_OR_UPDATE">
        <active>true</active>
        <business_calendar/>
        <capability/>
        <condition/>
        <conditional>false</conditional>
        <entered_time/>
        <ml_capability_definition display_value="ml_x_cross_global_global_ml_x_cross_x_cross_bugtes">069554091bce2410fe0165f8bc4bcb67</ml_capability_definition>
        <ml_solution/>
        <name>ml_x_cross_global_global_ml_x_cross_x_cross_bugtes</name>
        <offset/>
        <offset_type>0</offset_type>
        <run_as display_value="System Administrator">6816f79cc0a8016401c5a33be04be441</run_as>
        <run_as_tz/>
        <run_dayofmonth>1</run_dayofmonth>
        <run_dayofweek/>
        <run_period/>
        <run_start>2021-01-29 17:34:37</run_start>
        <run_time/>
        <run_type>once</run_type>
        <solution_definition/>
        <sys_class_name>ml_training_request_schedule</sys_class_name>
        <sys_created_by>chiarng.lin@servicenow.com</sys_created_by>
        <sys_created_on>2021-01-29 17:34:37</sys_created_on>
        <sys_id>da9594091bce2410fe0165f8bc4bcb14</sys_id>
        <sys_mod_count>1</sys_mod_count>
        <sys_name>ml_x_cross_global_global_ml_x_cross_x_cross_bugtes</sys_name>
        <sys_package display_value="Pineapple Cake Order Management" source="4807de561bb0ac10fe0165f8bc4bcb1d">4807de561bb0ac10fe0165f8bc4bcb1d</sys_package>
        <sys_policy/>
        <sys_scope display_value="Pineapple Cake Order Management">4807de561bb0ac10fe0165f8bc4bcb1d</sys_scope>
        <sys_update_name>ml_training_request_schedule_da9594091bce2410fe0165f8bc4bcb14</sys_update_name>
        <sys_updated_by>system</sys_updated_by>
        <sys_updated_on>2021-01-29 17:34:39</sys_updated_on>
        <time_zone/>
        <upgrade_safe>false</upgrade_safe>
    </ml_training_request_schedule>
</record_update>
