<?xml version="1.0" encoding="UTF-8"?><record_update>
    <sys_documentation element="" label="pineapple_cake_model" language="en" table="u_pineapple_cake_model">
        <sys_documentation action="INSERT_OR_UPDATE">
            <element/>
            <help/>
            <hint/>
            <label>pineapple_cake_model</label>
            <language>en</language>
            <name>u_pineapple_cake_model</name>
            <plural>pineapple_cake_models</plural>
            <sys_class_name>sys_documentation</sys_class_name>
            <sys_created_by>chiarng.lin@servicenow.com</sys_created_by>
            <sys_created_on>2020-12-02 20:58:07</sys_created_on>
            <sys_id>a9f79a1a1bb0ac10fe0165f8bc4bcb6d</sys_id>
            <sys_mod_count>0</sys_mod_count>
            <sys_name>pineapple_cake_model</sys_name>
            <sys_package display_value="Pineapple Cake Order Management" source="4807de561bb0ac10fe0165f8bc4bcb1d">4807de561bb0ac10fe0165f8bc4bcb1d</sys_package>
            <sys_policy/>
            <sys_scope display_value="Pineapple Cake Order Management">4807de561bb0ac10fe0165f8bc4bcb1d</sys_scope>
            <sys_update_name>sys_documentation_u_pineapple_cake_model__en</sys_update_name>
            <sys_updated_by>chiarng.lin@servicenow.com</sys_updated_by>
            <sys_updated_on>2020-12-02 20:58:07</sys_updated_on>
            <url/>
            <url_target/>
        </sys_documentation>
    </sys_documentation>
</record_update>
