<?xml version="1.0" encoding="UTF-8"?><record_update sys_domain="global" table="sys_app_application">
    <sys_app_application action="INSERT_OR_UPDATE">
        <active>true</active>
        <category display_value="Custom Applications">e0355b31ef303000a61d5a3615c0fb78</category>
        <description/>
        <device_type>browser</device_type>
        <hint/>
        <name>pineapple_cake_model</name>
        <order>100</order>
        <roles>u_pineapple_cake_model_user</roles>
        <sys_class_name>sys_app_application</sys_class_name>
        <sys_created_by>chiarng.lin@servicenow.com</sys_created_by>
        <sys_created_on>2020-12-02 20:58:05</sys_created_on>
        <sys_domain>global</sys_domain>
        <sys_domain_path>/</sys_domain_path>
        <sys_id>85f75a1a1bb0ac10fe0165f8bc4bcbca</sys_id>
        <sys_mod_count>0</sys_mod_count>
        <sys_name>pineapple_cake_model</sys_name>
        <sys_overrides/>
        <sys_package display_value="Pineapple Cake Order Management" source="4807de561bb0ac10fe0165f8bc4bcb1d">4807de561bb0ac10fe0165f8bc4bcb1d</sys_package>
        <sys_policy/>
        <sys_scope display_value="Pineapple Cake Order Management">4807de561bb0ac10fe0165f8bc4bcb1d</sys_scope>
        <sys_update_name>sys_app_application_85f75a1a1bb0ac10fe0165f8bc4bcbca</sys_update_name>
        <sys_updated_by>chiarng.lin@servicenow.com</sys_updated_by>
        <sys_updated_on>2020-12-02 20:58:05</sys_updated_on>
        <title>pineapple_cake_model</title>
        <view_name/>
    </sys_app_application>
</record_update>
