<?xml version="1.0" encoding="UTF-8"?><record_update table="sys_script_include">
    <sys_script_include action="INSERT_OR_UPDATE">
        <access>package_private</access>
        <active>true</active>
        <api_name>global.pineapple_cake_box_size</api_name>
        <caller_access/>
        <client_callable>false</client_callable>
        <description/>
        <name>pineapple_cake_box_size</name>
        <script><![CDATA[var pineapple_cake_box_size = Class.create();
pineapple_cake_box_size.prototype = {
    initialize: function() {
    },
	// comment
	// demo change
    type: 'pineapple_cake_box_size'
};]]></script>
        <sys_class_name>sys_script_include</sys_class_name>
        <sys_created_by>chiarng.lin@servicenow.com</sys_created_by>
        <sys_created_on>2021-08-12 14:50:42</sys_created_on>
        <sys_id>e20e77631bfdfc50fe0165f8bc4bcb79</sys_id>
        <sys_mod_count>1</sys_mod_count>
        <sys_name>pineapple_cake_box_size</sys_name>
        <sys_package display_value="Pineapple Cake Order Management" source="4807de561bb0ac10fe0165f8bc4bcb1d">4807de561bb0ac10fe0165f8bc4bcb1d</sys_package>
        <sys_policy/>
        <sys_scope display_value="Pineapple Cake Order Management">4807de561bb0ac10fe0165f8bc4bcb1d</sys_scope>
        <sys_update_name>sys_script_include_e20e77631bfdfc50fe0165f8bc4bcb79</sys_update_name>
        <sys_updated_by>chiarng.lin@servicenow.com</sys_updated_by>
        <sys_updated_on>2021-08-12 16:35:53</sys_updated_on>
    </sys_script_include>
</record_update>
