<?xml version="1.0" encoding="UTF-8"?><record_update>
    <sys_ui_list parent="" relationship="" sys_domain="global" table="cmdb_ci_unix_server" version="2" view="RPT7d9fbd4e1b413410fe0165f8bc4bcb98">
        <sys_ui_list_element action="INSERT_OR_UPDATE">
            <average_value>false</average_value>
            <element>cpu_speed</element>
            <list_id display_value="cmdb_ci_unix_server" element="NULL" name="cmdb_ci_unix_server" parent="NULL" relationship="NULL" sys_domain="global" view="da3655f587544510c06f63173cbb3547">269fbd4e1b413410fe0165f8bc4bcbc6</list_id>
            <max_value>false</max_value>
            <min_value>false</min_value>
            <position>0</position>
            <sum>false</sum>
            <sys_created_by>chiarng.lin@servicenow.com</sys_created_by>
            <sys_created_on>2021-07-01 07:00:05</sys_created_on>
            <sys_id>3a9fbd4e1b413410fe0165f8bc4bcbc7</sys_id>
            <sys_mod_count>0</sys_mod_count>
            <sys_updated_by>chiarng.lin@servicenow.com</sys_updated_by>
            <sys_updated_on>2021-07-01 07:00:05</sys_updated_on>
        </sys_ui_list_element>
        <sys_ui_list_element action="INSERT_OR_UPDATE">
            <average_value>false</average_value>
            <element>ram</element>
            <list_id display_value="cmdb_ci_unix_server" element="NULL" name="cmdb_ci_unix_server" parent="NULL" relationship="NULL" sys_domain="global" view="da3655f587544510c06f63173cbb3547">269fbd4e1b413410fe0165f8bc4bcbc6</list_id>
            <max_value>false</max_value>
            <min_value>false</min_value>
            <position>1</position>
            <sum>false</sum>
            <sys_created_by>chiarng.lin@servicenow.com</sys_created_by>
            <sys_created_on>2021-07-01 07:00:07</sys_created_on>
            <sys_id>139fbd4e1b413410fe0165f8bc4bcbc8</sys_id>
            <sys_mod_count>0</sys_mod_count>
            <sys_updated_by>chiarng.lin@servicenow.com</sys_updated_by>
            <sys_updated_on>2021-07-01 07:00:07</sys_updated_on>
        </sys_ui_list_element>
        <sys_ui_list_element action="INSERT_OR_UPDATE">
            <average_value>false</average_value>
            <element>cpu_core_count</element>
            <list_id display_value="cmdb_ci_unix_server" element="NULL" name="cmdb_ci_unix_server" parent="NULL" relationship="NULL" sys_domain="global" view="da3655f587544510c06f63173cbb3547">269fbd4e1b413410fe0165f8bc4bcbc6</list_id>
            <max_value>false</max_value>
            <min_value>false</min_value>
            <position>2</position>
            <sum>false</sum>
            <sys_created_by>chiarng.lin@servicenow.com</sys_created_by>
            <sys_created_on>2021-07-01 07:00:07</sys_created_on>
            <sys_id>939fbd4e1b413410fe0165f8bc4bcbc8</sys_id>
            <sys_mod_count>0</sys_mod_count>
            <sys_updated_by>chiarng.lin@servicenow.com</sys_updated_by>
            <sys_updated_on>2021-07-01 07:00:07</sys_updated_on>
        </sys_ui_list_element>
        <sys_ui_list action="INSERT_OR_UPDATE">
            <average_value>false</average_value>
            <element/>
            <max_value>false</max_value>
            <min_value>false</min_value>
            <name>cmdb_ci_unix_server</name>
            <parent/>
            <position/>
            <relationship/>
            <sum>false</sum>
            <sys_class_name>sys_ui_list</sys_class_name>
            <sys_created_by>chiarng.lin@servicenow.com</sys_created_by>
            <sys_created_on>2021-07-01 07:00:04</sys_created_on>
            <sys_domain>global</sys_domain>
            <sys_domain_path>/</sys_domain_path>
            <sys_id>269fbd4e1b413410fe0165f8bc4bcbc6</sys_id>
            <sys_mod_count>0</sys_mod_count>
            <sys_name>cmdb_ci_unix_server</sys_name>
            <sys_package display_value="Pineapple Cake Order Management" source="4807de561bb0ac10fe0165f8bc4bcb1d">4807de561bb0ac10fe0165f8bc4bcb1d</sys_package>
            <sys_policy/>
            <sys_scope display_value="Pineapple Cake Order Management">4807de561bb0ac10fe0165f8bc4bcb1d</sys_scope>
            <sys_update_name>sys_ui_list_cmdb_ci_unix_server_RPT7d9fbd4e1b413410fe0165f8bc4bcb98</sys_update_name>
            <sys_updated_by>chiarng.lin@servicenow.com</sys_updated_by>
            <sys_updated_on>2021-07-01 07:00:04</sys_updated_on>
            <sys_user/>
            <view display_value="Rpt7d9fbd4e1b413410fe0165f8bc4bcb98" name="RPT7d9fbd4e1b413410fe0165f8bc4bcb98">da3655f587544510c06f63173cbb3547</view>
            <view_name/>
        </sys_ui_list>
    </sys_ui_list>
</record_update>
