<?xml version="1.0" encoding="UTF-8"?><record_update sys_domain="global" table="sys_ui_module">
    <sys_ui_module action="INSERT_OR_UPDATE">
        <active>true</active>
        <application display_value="pineapple_cake_model">ddf75a1a1bb0ac10fe0165f8bc4bcbd1</application>
        <filter/>
        <name>pineapple_cake_models</name>
        <order/>
        <path/>
        <path_relative_to_root>false</path_relative_to_root>
        <roles>u_pineapple_cake_model_user</roles>
        <sys_class_name>sys_ui_module</sys_class_name>
        <sys_created_by>chiarng.lin@servicenow.com</sys_created_by>
        <sys_created_on>2020-12-02 20:58:06</sys_created_on>
        <sys_domain>global</sys_domain>
        <sys_domain_path>/</sys_domain_path>
        <sys_id>d1f79a1a1bb0ac10fe0165f8bc4bcb13</sys_id>
        <sys_mod_count>0</sys_mod_count>
        <sys_name>pineapple_cake_models</sys_name>
        <sys_package display_value="Pineapple Cake Order Management" source="4807de561bb0ac10fe0165f8bc4bcb1d">4807de561bb0ac10fe0165f8bc4bcb1d</sys_package>
        <sys_policy/>
        <sys_scope display_value="Pineapple Cake Order Management">4807de561bb0ac10fe0165f8bc4bcb1d</sys_scope>
        <sys_update_name>sys_ui_module_d1f79a1a1bb0ac10fe0165f8bc4bcb13</sys_update_name>
        <sys_updated_by>chiarng.lin@servicenow.com</sys_updated_by>
        <sys_updated_on>2020-12-02 20:58:06</sys_updated_on>
        <table>u_pineapple_cake_model</table>
        <uncancelable>false</uncancelable>
        <view_name/>
    </sys_ui_module>
</record_update>
