<?xml version="1.0" encoding="UTF-8"?><record_update table="sys_script_include">
    <sys_script_include action="INSERT_OR_UPDATE">
        <access>package_private</access>
        <active>true</active>
        <api_name>global.pineapple_cake_box_color</api_name>
        <caller_access/>
        <client_callable>false</client_callable>
        <description/>
        <name>pineapple_cake_box_color</name>
        <script><![CDATA[var pineapple_cake_box_color = Class.create();
pineapple_cake_box_color.prototype = {
    initialize: function() {
    },
	// new development work for a feature
	// story feature 25262
	// yet another feature for a story from my backlog yay
	// workdemo commit
	// more changes and stories to my work
	// yay another commit
    type: 'pineapple_cake_box_color'
};]]></script>
        <sys_class_name>sys_script_include</sys_class_name>
        <sys_created_by>chiarng.lin@servicenow.com</sys_created_by>
        <sys_created_on>2021-06-29 15:34:21</sys_created_on>
        <sys_id>5a026d691bc57010fe0165f8bc4bcb84</sys_id>
        <sys_mod_count>5</sys_mod_count>
        <sys_name>pineapple_cake_box_color</sys_name>
        <sys_package display_value="Pineapple Cake Order Management" source="4807de561bb0ac10fe0165f8bc4bcb1d">4807de561bb0ac10fe0165f8bc4bcb1d</sys_package>
        <sys_policy/>
        <sys_scope display_value="Pineapple Cake Order Management">4807de561bb0ac10fe0165f8bc4bcb1d</sys_scope>
        <sys_update_name>sys_script_include_5a026d691bc57010fe0165f8bc4bcb84</sys_update_name>
        <sys_updated_by>chiarng.lin@snc</sys_updated_by>
        <sys_updated_on>2022-09-12 20:29:16</sys_updated_on>
    </sys_script_include>
</record_update>
