<?xml version="1.0" encoding="UTF-8"?><record_update>
    <sys_dictionary action="INSERT_OR_UPDATE" element="" table="u_pineapple_cake_model">
        <active>true</active>
        <array>false</array>
        <array_denormalized>false</array_denormalized>
        <attributes/>
        <audit>false</audit>
        <calculation><![CDATA[(function calculatedFieldValue(current) {

	// Add your code here
	return '';  // return the calculated value

})(current);]]></calculation>
        <choice/>
        <choice_field/>
        <choice_table/>
        <column_label/>
        <comments/>
        <create_roles/>
        <default_value/>
        <defaultsort/>
        <delete_roles/>
        <dependent/>
        <dependent_on_field/>
        <display>false</display>
        <dynamic_creation>false</dynamic_creation>
        <dynamic_creation_script/>
        <dynamic_default_value/>
        <dynamic_ref_qual/>
        <element/>
        <element_reference>false</element_reference>
        <foreign_database/>
        <function_definition/>
        <function_field>false</function_field>
        <internal_type display_value="Collection">collection</internal_type>
        <mandatory>false</mandatory>
        <max_length>40</max_length>
        <name>u_pineapple_cake_model</name>
        <next_element/>
        <primary>false</primary>
        <read_only>false</read_only>
        <read_roles/>
        <reference/>
        <reference_cascade_rule/>
        <reference_floats>false</reference_floats>
        <reference_key/>
        <reference_qual/>
        <reference_qual_condition/>
        <reference_type/>
        <sizeclass>0</sizeclass>
        <spell_check>false</spell_check>
        <staged>false</staged>
        <sys_class_name>sys_dictionary</sys_class_name>
        <sys_created_by>chiarng.lin@servicenow.com</sys_created_by>
        <sys_created_on>2020-12-02 20:58:07</sys_created_on>
        <sys_id>69f79a1a1bb0ac10fe0165f8bc4bcb64</sys_id>
        <sys_mod_count>1</sys_mod_count>
        <sys_name>u_pineapple_cake_model</sys_name>
        <sys_package display_value="Pineapple Cake Order Management" source="4807de561bb0ac10fe0165f8bc4bcb1d">4807de561bb0ac10fe0165f8bc4bcb1d</sys_package>
        <sys_policy/>
        <sys_scope display_value="Pineapple Cake Order Management">4807de561bb0ac10fe0165f8bc4bcb1d</sys_scope>
        <sys_update_name>sys_dictionary_u_pineapple_cake_model_null</sys_update_name>
        <sys_updated_by>system</sys_updated_by>
        <sys_updated_on>2020-12-03 12:18:42</sys_updated_on>
        <table_reference>false</table_reference>
        <text_index>false</text_index>
        <unique>false</unique>
        <use_dependent_field>false</use_dependent_field>
        <use_dynamic_default>false</use_dynamic_default>
        <use_reference_qualifier>simple</use_reference_qualifier>
        <virtual>false</virtual>
        <widget/>
        <write_roles/>
        <xml_view>false</xml_view>
    </sys_dictionary>
</record_update>
