<?xml version="1.0" encoding="UTF-8"?><record_update>
    <sys_ui_list parent="" relationship="" sys_domain="global" table="cmdb_ci_database" version="2" view="RPTab3435871b15f8509d4698e8bc4bcba2">
        <sys_ui_list_element action="INSERT_OR_UPDATE">
            <average_value>false</average_value>
            <element>install_date</element>
            <list_id display_value="cmdb_ci_database" element="NULL" name="cmdb_ci_database" parent="NULL" relationship="NULL" sys_domain="global" view="4e3615f587544510c06f63173cbb35f0">4c4475871b15f8509d4698e8bc4bcb26</list_id>
            <max_value>false</max_value>
            <min_value>false</min_value>
            <position>0</position>
            <sum>false</sum>
            <sys_created_by>chiarng.lin@servicenow.com</sys_created_by>
            <sys_created_on>2021-07-16 19:00:05</sys_created_on>
            <sys_id>504475871b15f8509d4698e8bc4bcb28</sys_id>
            <sys_mod_count>0</sys_mod_count>
            <sys_updated_by>chiarng.lin@servicenow.com</sys_updated_by>
            <sys_updated_on>2021-07-16 19:00:05</sys_updated_on>
        </sys_ui_list_element>
        <sys_ui_list action="INSERT_OR_UPDATE">
            <average_value>false</average_value>
            <element/>
            <max_value>false</max_value>
            <min_value>false</min_value>
            <name>cmdb_ci_database</name>
            <parent/>
            <position/>
            <relationship/>
            <sum>false</sum>
            <sys_class_name>sys_ui_list</sys_class_name>
            <sys_created_by>chiarng.lin@servicenow.com</sys_created_by>
            <sys_created_on>2021-07-16 19:00:05</sys_created_on>
            <sys_domain>global</sys_domain>
            <sys_domain_path>/</sys_domain_path>
            <sys_id>4c4475871b15f8509d4698e8bc4bcb26</sys_id>
            <sys_mod_count>0</sys_mod_count>
            <sys_name>cmdb_ci_database</sys_name>
            <sys_package display_value="Pineapple Cake Order Management" source="4807de561bb0ac10fe0165f8bc4bcb1d">4807de561bb0ac10fe0165f8bc4bcb1d</sys_package>
            <sys_policy/>
            <sys_scope display_value="Pineapple Cake Order Management">4807de561bb0ac10fe0165f8bc4bcb1d</sys_scope>
            <sys_update_name>sys_ui_list_cmdb_ci_database_RPTab3435871b15f8509d4698e8bc4bcba2</sys_update_name>
            <sys_updated_by>chiarng.lin@servicenow.com</sys_updated_by>
            <sys_updated_on>2021-07-16 19:00:05</sys_updated_on>
            <sys_user/>
            <view display_value="Rptab3435871b15f8509d4698e8bc4bcba2" name="RPTab3435871b15f8509d4698e8bc4bcba2">4e3615f587544510c06f63173cbb35f0</view>
            <view_name/>
        </sys_ui_list>
    </sys_ui_list>
</record_update>
