<?xml version="1.0" encoding="UTF-8"?><record_update table="sys_ui_page">
    <sys_ui_page action="INSERT_OR_UPDATE">
        <category>general</category>
        <client_script/>
        <description/>
        <direct>false</direct>
        <endpoint/>
        <html><![CDATA[<?xml version="1.0" encoding="utf-8" ?>
<j:jelly trim="false" xmlns:j="jelly:core" xmlns:g="glide" xmlns:j2="null" xmlns:g2="null">

</j:jelly>]]></html>
        <name>pineapple_cake_view</name>
        <processing_script/>
        <sys_class_name>sys_ui_page</sys_class_name>
        <sys_created_by>chiarng.lin@servicenow.com</sys_created_by>
        <sys_created_on>2020-12-02 20:57:32</sys_created_on>
        <sys_id>e5c7561a1bb0ac10fe0165f8bc4bcb5e</sys_id>
        <sys_mod_count>0</sys_mod_count>
        <sys_name>pineapple_cake_view</sys_name>
        <sys_package display_value="Pineapple Cake Order Management" source="4807de561bb0ac10fe0165f8bc4bcb1d">4807de561bb0ac10fe0165f8bc4bcb1d</sys_package>
        <sys_policy/>
        <sys_scope display_value="Pineapple Cake Order Management">4807de561bb0ac10fe0165f8bc4bcb1d</sys_scope>
        <sys_update_name>sys_ui_page_e5c7561a1bb0ac10fe0165f8bc4bcb5e</sys_update_name>
        <sys_updated_by>chiarng.lin@servicenow.com</sys_updated_by>
        <sys_updated_on>2020-12-02 20:57:32</sys_updated_on>
    </sys_ui_page>
</record_update>
