<?xml version="1.0" encoding="UTF-8"?><record_update table="sys_script_include">
    <sys_script_include action="INSERT_OR_UPDATE">
        <access>package_private</access>
        <active>true</active>
        <api_name>global.pineapple_cake_controller</api_name>
        <caller_access/>
        <client_callable>false</client_callable>
        <description/>
        <name>pineapple_cake_controller</name>
        <script><![CDATA[var pineapple_cake_controller = Class.create();
pineapple_cake_controller.prototype = {
    initialize: function() {
    },
	// pineapple cake generator
	// more pineapple cakes
    type: 'pineapple_cake_controller'
};]]></script>
        <sys_class_name>sys_script_include</sys_class_name>
        <sys_created_by>chiarng.lin@servicenow.com</sys_created_by>
        <sys_created_on>2020-12-02 20:57:02</sys_created_on>
        <sys_id>f2a7921a1bb0ac10fe0165f8bc4bcbd0</sys_id>
        <sys_mod_count>3</sys_mod_count>
        <sys_name>pineapple_cake_controller</sys_name>
        <sys_package display_value="Pineapple Cake Order Management" source="4807de561bb0ac10fe0165f8bc4bcb1d">4807de561bb0ac10fe0165f8bc4bcb1d</sys_package>
        <sys_policy/>
        <sys_scope display_value="Pineapple Cake Order Management">4807de561bb0ac10fe0165f8bc4bcb1d</sys_scope>
        <sys_update_name>sys_script_include_f2a7921a1bb0ac10fe0165f8bc4bcbd0</sys_update_name>
        <sys_updated_by>chiarng.lin@servicenow.com</sys_updated_by>
        <sys_updated_on>2021-02-04 22:45:14</sys_updated_on>
    </sys_script_include>
</record_update>
