<?xml version="1.0" encoding="UTF-8"?><record_update sys_domain="global" table="sys_app_module">
    <sys_app_module action="INSERT_OR_UPDATE">
        <active>true</active>
        <application display_value="pineapple_cake_model">85f75a1a1bb0ac10fe0165f8bc4bcbca</application>
        <assessment/>
        <device_type/>
        <filter/>
        <hint/>
        <homepage/>
        <image/>
        <link_type>LIST</link_type>
        <map_page/>
        <mobile_title>pineapple_cake_models</mobile_title>
        <mobile_view_name>Mobile</mobile_view_name>
        <name>u_pineapple_cake_model</name>
        <order/>
        <override_menu_roles>false</override_menu_roles>
        <query/>
        <report/>
        <roles>u_pineapple_cake_model_user</roles>
        <sys_class_name>sys_app_module</sys_class_name>
        <sys_created_by>chiarng.lin@servicenow.com</sys_created_by>
        <sys_created_on>2020-12-02 20:58:06</sys_created_on>
        <sys_domain>global</sys_domain>
        <sys_domain_path>/</sys_domain_path>
        <sys_id>11f75a1a1bb0ac10fe0165f8bc4bcbce</sys_id>
        <sys_mod_count>0</sys_mod_count>
        <sys_name>pineapple_cake_models</sys_name>
        <sys_overrides/>
        <sys_package display_value="Pineapple Cake Order Management" source="4807de561bb0ac10fe0165f8bc4bcb1d">4807de561bb0ac10fe0165f8bc4bcb1d</sys_package>
        <sys_policy/>
        <sys_scope display_value="Pineapple Cake Order Management">4807de561bb0ac10fe0165f8bc4bcb1d</sys_scope>
        <sys_update_name>sys_app_module_11f75a1a1bb0ac10fe0165f8bc4bcbce</sys_update_name>
        <sys_updated_by>chiarng.lin@servicenow.com</sys_updated_by>
        <sys_updated_on>2020-12-02 20:58:06</sys_updated_on>
        <timeline_page/>
        <title>pineapple_cake_models</title>
        <uncancelable>false</uncancelable>
        <view_name/>
        <window_name/>
    </sys_app_module>
</record_update>
