<?xml version="1.0" encoding="UTF-8"?><record_update table="sys_embedded_help_role">
    <sys_embedded_help_role action="INSERT_OR_UPDATE">
        <order>1000</order>
        <role display_value="u_pineapple_cake_model_user" name="u_pineapple_cake_model_user">8df7d61a1bb0ac10fe0165f8bc4bcb5f</role>
        <sys_class_name>sys_embedded_help_role</sys_class_name>
        <sys_created_by>chiarng.lin@servicenow.com</sys_created_by>
        <sys_created_on>2020-12-02 20:58:05</sys_created_on>
        <sys_id>05f7d61a1bb0ac10fe0165f8bc4bcb63</sys_id>
        <sys_mod_count>0</sys_mod_count>
        <sys_name>8df7d61a1bb0ac10fe0165f8bc4bcb5f</sys_name>
        <sys_package display_value="Pineapple Cake Order Management" source="4807de561bb0ac10fe0165f8bc4bcb1d">4807de561bb0ac10fe0165f8bc4bcb1d</sys_package>
        <sys_policy/>
        <sys_scope display_value="Pineapple Cake Order Management">4807de561bb0ac10fe0165f8bc4bcb1d</sys_scope>
        <sys_update_name>sys_embedded_help_role_05f7d61a1bb0ac10fe0165f8bc4bcb63</sys_update_name>
        <sys_updated_by>chiarng.lin@servicenow.com</sys_updated_by>
        <sys_updated_on>2020-12-02 20:58:05</sys_updated_on>
    </sys_embedded_help_role>
</record_update>
