<?xml version="1.0" encoding="UTF-8"?><record_update sys_domain="global" table="sys_cs_nlu_language">
    <sys_cs_nlu_language action="INSERT_OR_UPDATE">
        <enabled>false</enabled>
        <language display_value="">74a1904787dd05103901caa5cebb35db</language>
        <sys_class_name>sys_cs_nlu_language</sys_class_name>
        <sys_created_by>chiarng.lin</sys_created_by>
        <sys_created_on>2022-01-31 08:00:23</sys_created_on>
        <sys_domain>global</sys_domain>
        <sys_id>38a1904787dd05103901caa5cebb35db</sys_id>
        <sys_mod_count>0</sys_mod_count>
        <sys_name/>
        <sys_package display_value="Pineapple Cake Order Management" source="4807de561bb0ac10fe0165f8bc4bcb1d">4807de561bb0ac10fe0165f8bc4bcb1d</sys_package>
        <sys_policy/>
        <sys_scope display_value="Pineapple Cake Order Management">4807de561bb0ac10fe0165f8bc4bcb1d</sys_scope>
        <sys_update_name>sys_cs_nlu_language_38a1904787dd05103901caa5cebb35db</sys_update_name>
        <sys_updated_by>chiarng.lin</sys_updated_by>
        <sys_updated_on>2022-01-31 08:00:23</sys_updated_on>
    </sys_cs_nlu_language>
</record_update>
