<?xml version="1.0" encoding="UTF-8"?><record_update table="sys_security_acl_role">
    <sys_security_acl_role action="INSERT_OR_UPDATE">
        <sys_class_name>sys_security_acl_role</sys_class_name>
        <sys_created_by>chiarng.lin@servicenow.com</sys_created_by>
        <sys_created_on>2020-12-02 20:58:06</sys_created_on>
        <sys_id>59f79a1a1bb0ac10fe0165f8bc4bcb1b</sys_id>
        <sys_mod_count>0</sys_mod_count>
        <sys_name>u_pineapple_cake_model.u_pineapple_cake_model_user</sys_name>
        <sys_package display_value="Pineapple Cake Order Management" source="4807de561bb0ac10fe0165f8bc4bcb1d">4807de561bb0ac10fe0165f8bc4bcb1d</sys_package>
        <sys_policy/>
        <sys_scope display_value="Pineapple Cake Order Management">4807de561bb0ac10fe0165f8bc4bcb1d</sys_scope>
        <sys_security_acl display_value="u_pineapple_cake_model">5df79a1a1bb0ac10fe0165f8bc4bcb16</sys_security_acl>
        <sys_update_name>sys_security_acl_role_59f79a1a1bb0ac10fe0165f8bc4bcb1b</sys_update_name>
        <sys_updated_by>chiarng.lin@servicenow.com</sys_updated_by>
        <sys_updated_on>2020-12-02 20:58:06</sys_updated_on>
        <sys_user_role display_value="u_pineapple_cake_model_user" name="u_pineapple_cake_model_user">8df7d61a1bb0ac10fe0165f8bc4bcb5f</sys_user_role>
        <transaction_id/>
    </sys_security_acl_role>
</record_update>
