<?xml version="1.0" encoding="UTF-8"?><record_update>
    <sys_ui_list parent="" relationship="" sys_domain="global" table="cmdb_ci_unix_server" version="2" view="RPT96e659fc1b1be450fe0165f8bc4bcbe8">
        <sys_ui_list_element action="INSERT_OR_UPDATE">
            <average_value>false</average_value>
            <element>cpu_speed</element>
            <list_id display_value="cmdb_ci_unix_server" element="NULL" name="cmdb_ci_unix_server" parent="NULL" relationship="NULL" sys_domain="global" view="ee3655f587544510c06f63173cbb3552">83e699fc1b1be450fe0165f8bc4bcb6c</list_id>
            <max_value>false</max_value>
            <min_value>false</min_value>
            <position>0</position>
            <sum>false</sum>
            <sys_created_by>chiarng.lin@servicenow.com</sys_created_by>
            <sys_created_on>2021-04-01 07:00:04</sys_created_on>
            <sys_id>97e699fc1b1be450fe0165f8bc4bcb6d</sys_id>
            <sys_mod_count>0</sys_mod_count>
            <sys_updated_by>chiarng.lin@servicenow.com</sys_updated_by>
            <sys_updated_on>2021-04-01 07:00:04</sys_updated_on>
        </sys_ui_list_element>
        <sys_ui_list_element action="INSERT_OR_UPDATE">
            <average_value>false</average_value>
            <element>ram</element>
            <list_id display_value="cmdb_ci_unix_server" element="NULL" name="cmdb_ci_unix_server" parent="NULL" relationship="NULL" sys_domain="global" view="ee3655f587544510c06f63173cbb3552">83e699fc1b1be450fe0165f8bc4bcb6c</list_id>
            <max_value>false</max_value>
            <min_value>false</min_value>
            <position>1</position>
            <sum>false</sum>
            <sys_created_by>chiarng.lin@servicenow.com</sys_created_by>
            <sys_created_on>2021-04-01 07:00:04</sys_created_on>
            <sys_id>afe699fc1b1be450fe0165f8bc4bcb6d</sys_id>
            <sys_mod_count>0</sys_mod_count>
            <sys_updated_by>chiarng.lin@servicenow.com</sys_updated_by>
            <sys_updated_on>2021-04-01 07:00:04</sys_updated_on>
        </sys_ui_list_element>
        <sys_ui_list_element action="INSERT_OR_UPDATE">
            <average_value>false</average_value>
            <element>cpu_core_count</element>
            <list_id display_value="cmdb_ci_unix_server" element="NULL" name="cmdb_ci_unix_server" parent="NULL" relationship="NULL" sys_domain="global" view="ee3655f587544510c06f63173cbb3552">83e699fc1b1be450fe0165f8bc4bcb6c</list_id>
            <max_value>false</max_value>
            <min_value>false</min_value>
            <position>2</position>
            <sum>false</sum>
            <sys_created_by>chiarng.lin@servicenow.com</sys_created_by>
            <sys_created_on>2021-04-01 07:00:04</sys_created_on>
            <sys_id>23e699fc1b1be450fe0165f8bc4bcb6e</sys_id>
            <sys_mod_count>0</sys_mod_count>
            <sys_updated_by>chiarng.lin@servicenow.com</sys_updated_by>
            <sys_updated_on>2021-04-01 07:00:04</sys_updated_on>
        </sys_ui_list_element>
        <sys_ui_list action="INSERT_OR_UPDATE">
            <average_value>false</average_value>
            <element/>
            <max_value>false</max_value>
            <min_value>false</min_value>
            <name>cmdb_ci_unix_server</name>
            <parent/>
            <position/>
            <relationship/>
            <sum>false</sum>
            <sys_class_name>sys_ui_list</sys_class_name>
            <sys_created_by>chiarng.lin@servicenow.com</sys_created_by>
            <sys_created_on>2021-04-01 07:00:03</sys_created_on>
            <sys_domain>global</sys_domain>
            <sys_domain_path>/</sys_domain_path>
            <sys_id>83e699fc1b1be450fe0165f8bc4bcb6c</sys_id>
            <sys_mod_count>0</sys_mod_count>
            <sys_name>cmdb_ci_unix_server</sys_name>
            <sys_package display_value="Pineapple Cake Order Management" source="4807de561bb0ac10fe0165f8bc4bcb1d">4807de561bb0ac10fe0165f8bc4bcb1d</sys_package>
            <sys_policy/>
            <sys_scope display_value="Pineapple Cake Order Management">4807de561bb0ac10fe0165f8bc4bcb1d</sys_scope>
            <sys_update_name>sys_ui_list_cmdb_ci_unix_server_RPT96e659fc1b1be450fe0165f8bc4bcbe8</sys_update_name>
            <sys_updated_by>chiarng.lin@servicenow.com</sys_updated_by>
            <sys_updated_on>2021-04-01 07:00:03</sys_updated_on>
            <sys_user/>
            <view display_value="Rpt96e659fc1b1be450fe0165f8bc4bcbe8" name="RPT96e659fc1b1be450fe0165f8bc4bcbe8">ee3655f587544510c06f63173cbb3552</view>
            <view_name/>
        </sys_ui_list>
    </sys_ui_list>
</record_update>
